Panel,Group,Method,ID Acc,BreastMRI_fpr95,BreastMRI_aupr,BreastMRI_auroc,MCND_fpr95,MCND_aupr,MCND_auroc,SARAircraft_fpr95,SARAircraft_aupr,SARAircraft_auroc,NewFUSAR_fpr95,NewFUSAR_aupr,NewFUSAR_auroc,Avg_fpr95,Avg_aupr,Avg_auroc
OCTDL,嫁接前,Re-EDL,87.14±2.58,100.00±0.00,79.17±1.62,65.10±2.32,99.96±0.06,54.48±2.22,59.92±1.02,99.97±0.07,63.25±1.97,63.57±2.08,99.96±0.05,57.67±3.81,63.24±3.36,99.97±0.06,63.64±9.83,62.96±3.01
OCTDL,嫁接前,HEDL,70.95±2.22,82.70±34.59,44.41±26.89,28.28±35.87,91.74±11.97,11.46±9.52,38.57±32.54,91.77±10.71,7.95±3.70,29.60±26.98,85.56±19.66,5.54±3.52,38.18±33.46,87.94±21.82,17.34±21.42,33.66±32.72
OCTDL,嫁接前,RS-NN,85.56±2.63,99.86±0.27,70.62±14.24,61.85±13.10,99.96±0.05,34.04±12.87,59.89±5.93,99.79±0.14,46.39±19.84,62.90±9.96,98.20±1.46,31.07±11.65,69.37±6.92,99.45±1.04,45.53±21.62,63.50±10.06
OCTDL,嫁接前,I-EDL,,,,,,,,,,,,,,,,
OCTDL,嫁接前,DUQ,,,,,,,,,,,,,,,,
OCTDL,嫁接前,MC-Dropout,,,,,,,,,,,,,,,,
OCTDL,嫁接前,Deep Ensembles,,,,,,,,,,,,,,,,
OCTDL,嫁接后 SWA-50,Re-EDL (SWA-G),,,,,,,,,,,,,,,,
OCTDL,嫁接后 SWA-50,HEDL (SWA-G),,,,,,,,,,,,,,,,
OCTDL,嫁接后 SWA-50,RS-NN (SWA-G),,,,,,,,,,,,,,,,
OCTDL,嫁接后 SWA-50,I-EDL (SWA-G),,,,,,,,,,,,,,,,
OCTDL,嫁接后 SWA-50,DUQ (SWA-G),,,,,,,,,,,,,,,,
OCTDL,嫁接后 SWA-50,MC-Dropout (SWA-G),,,,,,,,,,,,,,,,
OCTDL,嫁接后 SWA-50,Deep Ensembles (SWA-G),,,,,,,,,,,,,,,,
OCTDL,嫁接后 Hyena-50,Re-EDL (Hy-G),,,,,,,,,,,,,,,,
OCTDL,嫁接后 Hyena-50,HEDL (Hy-G),,,,,,,,,,,,,,,,
OCTDL,嫁接后 Hyena-50,RS-NN (Hy-G),,,,,,,,,,,,,,,,
OCTDL,嫁接后 Hyena-50,I-EDL (Hy-G),,,,,,,,,,,,,,,,
OCTDL,嫁接后 Hyena-50,DUQ (Hy-G),,,,,,,,,,,,,,,,
OCTDL,嫁接后 Hyena-50,MC-Dropout (Hy-G),,,,,,,,,,,,,,,,
OCTDL,嫁接后 Hyena-50,Deep Ensembles (Hy-G),,,,,,,,,,,,,,,,
OCTDL,嫁接后 Mamba-2,Re-EDL (Mamba-G),,,,,,,,,,,,,,,,
OCTDL,嫁接后 Mamba-2,HEDL (Mamba-G),,,,,,,,,,,,,,,,
OCTDL,嫁接后 Mamba-2,RS-NN (Mamba-G),,,,,,,,,,,,,,,,
OCTDL,嫁接后 Mamba-2,I-EDL (Mamba-G),,,,,,,,,,,,,,,,
OCTDL,嫁接后 Mamba-2,DUQ (Mamba-G),,,,,,,,,,,,,,,,
OCTDL,嫁接后 Mamba-2,MC-Dropout (Mamba-G),,,,,,,,,,,,,,,,
OCTDL,嫁接后 Mamba-2,Deep Ensembles (Mamba-G),,,,,,,,,,,,,,,,
BreastMRI,嫁接前,Re-EDL,94.86±2.16,23.33±26.04,98.27±1.83,97.25±3.14,53.26±23.85,72.52±13.89,88.56±7.00,9.34±10.63,91.97±6.75,98.68±1.48,41.66±33.26,76.77±16.68,92.06±7.60,31.90±30.00,84.88±15.56,94.14±6.79
BreastMRI,嫁接前,HEDL,62.03±17.59,1.59±3.17,99.53±0.95,99.50±1.00,47.67±11.91,21.88±11.38,70.17±9.10,21.23±12.13,24.71±14.12,88.60±6.70,16.09±12.94,38.75±8.14,92.23±6.39,21.64±19.86,46.22±32.97,87.63±12.62
BreastMRI,嫁接前,RS-NN,95.54±1.99,45.24±28.19,97.34±1.61,95.19±3.04,61.11±27.70,60.58±25.90,85.84±8.18,29.54±23.99,90.82±6.11,96.22±2.78,55.54±28.00,80.79±11.96,92.98±3.86,47.86±29.57,82.38±20.16,92.56±6.41
BreastMRI,嫁接前,I-EDL,,,,,,,,,,,,,,,,
BreastMRI,嫁接前,DUQ,,,,,,,,,,,,,,,,
BreastMRI,嫁接前,MC-Dropout,,,,,,,,,,,,,,,,
BreastMRI,嫁接前,Deep Ensembles,,,,,,,,,,,,,,,,
BreastMRI,嫁接后 SWA-50,Re-EDL (SWA-G),,,,,,,,,,,,,,,,
BreastMRI,嫁接后 SWA-50,HEDL (SWA-G),,,,,,,,,,,,,,,,
BreastMRI,嫁接后 SWA-50,RS-NN (SWA-G),,,,,,,,,,,,,,,,
BreastMRI,嫁接后 SWA-50,I-EDL (SWA-G),,,,,,,,,,,,,,,,
BreastMRI,嫁接后 SWA-50,DUQ (SWA-G),,,,,,,,,,,,,,,,
BreastMRI,嫁接后 SWA-50,MC-Dropout (SWA-G),,,,,,,,,,,,,,,,
BreastMRI,嫁接后 SWA-50,Deep Ensembles (SWA-G),,,,,,,,,,,,,,,,
BreastMRI,嫁接后 Hyena-50,Re-EDL (Hy-G),,,,,,,,,,,,,,,,
BreastMRI,嫁接后 Hyena-50,HEDL (Hy-G),,,,,,,,,,,,,,,,
BreastMRI,嫁接后 Hyena-50,RS-NN (Hy-G),,,,,,,,,,,,,,,,
BreastMRI,嫁接后 Hyena-50,I-EDL (Hy-G),,,,,,,,,,,,,,,,
BreastMRI,嫁接后 Hyena-50,DUQ (Hy-G),,,,,,,,,,,,,,,,
BreastMRI,嫁接后 Hyena-50,MC-Dropout (Hy-G),,,,,,,,,,,,,,,,
BreastMRI,嫁接后 Hyena-50,Deep Ensembles (Hy-G),,,,,,,,,,,,,,,,
BreastMRI,嫁接后 Mamba-2,Re-EDL (Mamba-G),,,,,,,,,,,,,,,,
BreastMRI,嫁接后 Mamba-2,HEDL (Mamba-G),,,,,,,,,,,,,,,,
BreastMRI,嫁接后 Mamba-2,RS-NN (Mamba-G),,,,,,,,,,,,,,,,
BreastMRI,嫁接后 Mamba-2,I-EDL (Mamba-G),,,,,,,,,,,,,,,,
BreastMRI,嫁接后 Mamba-2,DUQ (Mamba-G),,,,,,,,,,,,,,,,
BreastMRI,嫁接后 Mamba-2,MC-Dropout (Mamba-G),,,,,,,,,,,,,,,,
BreastMRI,嫁接后 Mamba-2,Deep Ensembles (Mamba-G),,,,,,,,,,,,,,,,
MCND,嫁接前,Re-EDL,97.01±0.37,92.22±15.56,97.16±1.30,64.49±12.21,80.00±24.24,82.33±6.35,70.88±10.33,87.18±22.70,65.97±12.86,68.57±11.00,85.79±10.26,75.86±12.72,72.95±9.81,86.30±19.53,80.33±14.85,69.22±11.32
MCND,嫁接前,HEDL,72.59±5.23,97.14±3.43,93.27±4.21,39.55±25.76,77.26±23.13,74.07±17.11,58.99±24.94,93.96±7.09,51.01±24.79,42.12±30.04,77.19±21.79,60.37±24.55,56.05±29.83,86.39±18.79,69.68±25.19,49.18±29.00
MCND,嫁接前,RS-NN,96.29±1.02,83.81±25.79,97.87±0.73,67.23±11.37,44.72±20.89,86.73±6.12,77.00±12.39,49.59±16.64,80.55±5.89,81.15±6.27,66.54±2.63,59.11±2.33,58.00±3.52,61.16±24.14,81.07±14.79,70.84±12.81
MCND,嫁接前,I-EDL,,,,,,,,,,,,,,,,
MCND,嫁接前,DUQ,,,,,,,,,,,,,,,,
MCND,嫁接前,MC-Dropout,,,,,,,,,,,,,,,,
MCND,嫁接前,Deep Ensembles,,,,,,,,,,,,,,,,
MCND,嫁接后 SWA-50,Re-EDL (SWA-G),,,,,,,,,,,,,,,,
MCND,嫁接后 SWA-50,HEDL (SWA-G),,,,,,,,,,,,,,,,
MCND,嫁接后 SWA-50,RS-NN (SWA-G),,,,,,,,,,,,,,,,
MCND,嫁接后 SWA-50,I-EDL (SWA-G),,,,,,,,,,,,,,,,
MCND,嫁接后 SWA-50,DUQ (SWA-G),,,,,,,,,,,,,,,,
MCND,嫁接后 SWA-50,MC-Dropout (SWA-G),,,,,,,,,,,,,,,,
MCND,嫁接后 SWA-50,Deep Ensembles (SWA-G),,,,,,,,,,,,,,,,
MCND,嫁接后 Hyena-50,Re-EDL (Hy-G),,,,,,,,,,,,,,,,
MCND,嫁接后 Hyena-50,HEDL (Hy-G),,,,,,,,,,,,,,,,
MCND,嫁接后 Hyena-50,RS-NN (Hy-G),,,,,,,,,,,,,,,,
MCND,嫁接后 Hyena-50,I-EDL (Hy-G),,,,,,,,,,,,,,,,
MCND,嫁接后 Hyena-50,DUQ (Hy-G),,,,,,,,,,,,,,,,
MCND,嫁接后 Hyena-50,MC-Dropout (Hy-G),,,,,,,,,,,,,,,,
MCND,嫁接后 Hyena-50,Deep Ensembles (Hy-G),,,,,,,,,,,,,,,,
MCND,嫁接后 Mamba-2,Re-EDL (Mamba-G),,,,,,,,,,,,,,,,
MCND,嫁接后 Mamba-2,HEDL (Mamba-G),,,,,,,,,,,,,,,,
MCND,嫁接后 Mamba-2,RS-NN (Mamba-G),,,,,,,,,,,,,,,,
MCND,嫁接后 Mamba-2,I-EDL (Mamba-G),,,,,,,,,,,,,,,,
MCND,嫁接后 Mamba-2,DUQ (Mamba-G),,,,,,,,,,,,,,,,
MCND,嫁接后 Mamba-2,MC-Dropout (Mamba-G),,,,,,,,,,,,,,,,
MCND,嫁接后 Mamba-2,Deep Ensembles (Mamba-G),,,,,,,,,,,,,,,,
SAR-Aircraft,嫁接前,Re-EDL,98.70±0.96,35.56±22.22,98.66±1.21,91.73±4.71,57.70±34.24,97.15±2.18,82.56±11.42,67.24±29.38,63.30±16.94,75.18±11.90,28.33±15.29,83.04±12.16,91.47±5.85,47.21±30.68,85.54±17.67,85.23±11.38
SAR-Aircraft,嫁接前,HEDL,41.26±4.56,92.38±12.12,88.57±6.29,43.29±23.27,90.41±16.89,84.93±8.49,35.81±29.36,90.18±17.29,42.70±22.13,46.79±22.73,80.51±5.36,42.42±9.55,62.95±7.65,88.37±14.53,64.65±25.75,47.21±24.35
SAR-Aircraft,嫁接前,RS-NN,99.05±0.21,62.22±25.32,97.11±1.23,77.88±9.23,97.16±2.82,90.30±2.53,44.24±12.75,82.79±15.28,49.38±10.04,53.54±13.45,73.81±7.15,63.26±5.14,72.85±5.05,78.99±19.91,75.01±20.33,62.13±17.40
SAR-Aircraft,嫁接前,I-EDL,,,,,,,,,,,,,,,,
SAR-Aircraft,嫁接前,DUQ,,,,,,,,,,,,,,,,
SAR-Aircraft,嫁接前,MC-Dropout,,,,,,,,,,,,,,,,
SAR-Aircraft,嫁接前,Deep Ensembles,,,,,,,,,,,,,,,,
SAR-Aircraft,嫁接后 SWA-50,Re-EDL (SWA-G),,,,,,,,,,,,,,,,
SAR-Aircraft,嫁接后 SWA-50,HEDL (SWA-G),,,,,,,,,,,,,,,,
SAR-Aircraft,嫁接后 SWA-50,RS-NN (SWA-G),,,,,,,,,,,,,,,,
SAR-Aircraft,嫁接后 SWA-50,I-EDL (SWA-G),,,,,,,,,,,,,,,,
SAR-Aircraft,嫁接后 SWA-50,DUQ (SWA-G),,,,,,,,,,,,,,,,
SAR-Aircraft,嫁接后 SWA-50,MC-Dropout (SWA-G),,,,,,,,,,,,,,,,
SAR-Aircraft,嫁接后 SWA-50,Deep Ensembles (SWA-G),,,,,,,,,,,,,,,,
SAR-Aircraft,嫁接后 Hyena-50,Re-EDL (Hy-G),,,,,,,,,,,,,,,,
SAR-Aircraft,嫁接后 Hyena-50,HEDL (Hy-G),,,,,,,,,,,,,,,,
SAR-Aircraft,嫁接后 Hyena-50,RS-NN (Hy-G),,,,,,,,,,,,,,,,
SAR-Aircraft,嫁接后 Hyena-50,I-EDL (Hy-G),,,,,,,,,,,,,,,,
SAR-Aircraft,嫁接后 Hyena-50,DUQ (Hy-G),,,,,,,,,,,,,,,,
SAR-Aircraft,嫁接后 Hyena-50,MC-Dropout (Hy-G),,,,,,,,,,,,,,,,
SAR-Aircraft,嫁接后 Hyena-50,Deep Ensembles (Hy-G),,,,,,,,,,,,,,,,
SAR-Aircraft,嫁接后 Mamba-2,Re-EDL (Mamba-G),,,,,,,,,,,,,,,,
SAR-Aircraft,嫁接后 Mamba-2,HEDL (Mamba-G),,,,,,,,,,,,,,,,
SAR-Aircraft,嫁接后 Mamba-2,RS-NN (Mamba-G),,,,,,,,,,,,,,,,
SAR-Aircraft,嫁接后 Mamba-2,I-EDL (Mamba-G),,,,,,,,,,,,,,,,
SAR-Aircraft,嫁接后 Mamba-2,DUQ (Mamba-G),,,,,,,,,,,,,,,,
SAR-Aircraft,嫁接后 Mamba-2,MC-Dropout (Mamba-G),,,,,,,,,,,,,,,,
SAR-Aircraft,嫁接后 Mamba-2,Deep Ensembles (Mamba-G),,,,,,,,,,,,,,,,
New-FUSAR,嫁接前,Re-EDL,,,,,,,,,,,,,,,,
New-FUSAR,嫁接前,HEDL,,,,,,,,,,,,,,,,
New-FUSAR,嫁接前,RS-NN,,,,,,,,,,,,,,,,
New-FUSAR,嫁接前,I-EDL,,,,,,,,,,,,,,,,
New-FUSAR,嫁接前,DUQ,,,,,,,,,,,,,,,,
New-FUSAR,嫁接前,MC-Dropout,,,,,,,,,,,,,,,,
New-FUSAR,嫁接前,Deep Ensembles,,,,,,,,,,,,,,,,
New-FUSAR,嫁接后 SWA-50,Re-EDL (SWA-G),,,,,,,,,,,,,,,,
New-FUSAR,嫁接后 SWA-50,HEDL (SWA-G),,,,,,,,,,,,,,,,
New-FUSAR,嫁接后 SWA-50,RS-NN (SWA-G),,,,,,,,,,,,,,,,
New-FUSAR,嫁接后 SWA-50,I-EDL (SWA-G),,,,,,,,,,,,,,,,
New-FUSAR,嫁接后 SWA-50,DUQ (SWA-G),,,,,,,,,,,,,,,,
New-FUSAR,嫁接后 SWA-50,MC-Dropout (SWA-G),,,,,,,,,,,,,,,,
New-FUSAR,嫁接后 SWA-50,Deep Ensembles (SWA-G),,,,,,,,,,,,,,,,
New-FUSAR,嫁接后 Hyena-50,Re-EDL (Hy-G),,,,,,,,,,,,,,,,
New-FUSAR,嫁接后 Hyena-50,HEDL (Hy-G),,,,,,,,,,,,,,,,
New-FUSAR,嫁接后 Hyena-50,RS-NN (Hy-G),,,,,,,,,,,,,,,,
New-FUSAR,嫁接后 Hyena-50,I-EDL (Hy-G),,,,,,,,,,,,,,,,
New-FUSAR,嫁接后 Hyena-50,DUQ (Hy-G),,,,,,,,,,,,,,,,
New-FUSAR,嫁接后 Hyena-50,MC-Dropout (Hy-G),,,,,,,,,,,,,,,,
New-FUSAR,嫁接后 Hyena-50,Deep Ensembles (Hy-G),,,,,,,,,,,,,,,,
New-FUSAR,嫁接后 Mamba-2,Re-EDL (Mamba-G),,,,,,,,,,,,,,,,
New-FUSAR,嫁接后 Mamba-2,HEDL (Mamba-G),,,,,,,,,,,,,,,,
New-FUSAR,嫁接后 Mamba-2,RS-NN (Mamba-G),,,,,,,,,,,,,,,,
New-FUSAR,嫁接后 Mamba-2,I-EDL (Mamba-G),,,,,,,,,,,,,,,,
New-FUSAR,嫁接后 Mamba-2,DUQ (Mamba-G),,,,,,,,,,,,,,,,
New-FUSAR,嫁接后 Mamba-2,MC-Dropout (Mamba-G),,,,,,,,,,,,,,,,
New-FUSAR,嫁接后 Mamba-2,Deep Ensembles (Mamba-G),,,,,,,,,,,,,,,,
RetinalOCT,嫁接前,Re-EDL,,,,,,,,,,,,,,,,
RetinalOCT,嫁接前,HEDL,,,,,,,,,,,,,,,,
RetinalOCT,嫁接前,RS-NN,,,,,,,,,,,,,,,,
RetinalOCT,嫁接前,I-EDL,,,,,,,,,,,,,,,,
RetinalOCT,嫁接前,DUQ,,,,,,,,,,,,,,,,
RetinalOCT,嫁接前,MC-Dropout,,,,,,,,,,,,,,,,
RetinalOCT,嫁接前,Deep Ensembles,,,,,,,,,,,,,,,,
RetinalOCT,嫁接后 SWA-50,Re-EDL (SWA-G),,,,,,,,,,,,,,,,
RetinalOCT,嫁接后 SWA-50,HEDL (SWA-G),,,,,,,,,,,,,,,,
RetinalOCT,嫁接后 SWA-50,RS-NN (SWA-G),,,,,,,,,,,,,,,,
RetinalOCT,嫁接后 SWA-50,I-EDL (SWA-G),,,,,,,,,,,,,,,,
RetinalOCT,嫁接后 SWA-50,DUQ (SWA-G),,,,,,,,,,,,,,,,
RetinalOCT,嫁接后 SWA-50,MC-Dropout (SWA-G),,,,,,,,,,,,,,,,
RetinalOCT,嫁接后 SWA-50,Deep Ensembles (SWA-G),,,,,,,,,,,,,,,,
RetinalOCT,嫁接后 Hyena-50,Re-EDL (Hy-G),,,,,,,,,,,,,,,,
RetinalOCT,嫁接后 Hyena-50,HEDL (Hy-G),,,,,,,,,,,,,,,,
RetinalOCT,嫁接后 Hyena-50,RS-NN (Hy-G),,,,,,,,,,,,,,,,
RetinalOCT,嫁接后 Hyena-50,I-EDL (Hy-G),,,,,,,,,,,,,,,,
RetinalOCT,嫁接后 Hyena-50,DUQ (Hy-G),,,,,,,,,,,,,,,,
RetinalOCT,嫁接后 Hyena-50,MC-Dropout (Hy-G),,,,,,,,,,,,,,,,
RetinalOCT,嫁接后 Hyena-50,Deep Ensembles (Hy-G),,,,,,,,,,,,,,,,
RetinalOCT,嫁接后 Mamba-2,Re-EDL (Mamba-G),,,,,,,,,,,,,,,,
RetinalOCT,嫁接后 Mamba-2,HEDL (Mamba-G),,,,,,,,,,,,,,,,
RetinalOCT,嫁接后 Mamba-2,RS-NN (Mamba-G),,,,,,,,,,,,,,,,
RetinalOCT,嫁接后 Mamba-2,I-EDL (Mamba-G),,,,,,,,,,,,,,,,
RetinalOCT,嫁接后 Mamba-2,DUQ (Mamba-G),,,,,,,,,,,,,,,,
RetinalOCT,嫁接后 Mamba-2,MC-Dropout (Mamba-G),,,,,,,,,,,,,,,,
RetinalOCT,嫁接后 Mamba-2,Deep Ensembles (Mamba-G),,,,,,,,,,,,,,,,
